0.0;1;1;All elements turn off;5500000000.0;-70.96
0.0;1;2;All elements turn on;5500000000.0;-70.82
0.0;1;3;Only first element turn on;5500000000.0;-70.89
3.6;1;1;All elements turn off;5500000000.0;-72.31
3.6;1;2;All elements turn on;5500000000.0;-69.37
3.6;1;3;Only first element turn on;5500000000.0;-72.30
7.2;1;1;All elements turn off;5500000000.0;-73.70
7.2;1;2;All elements turn on;5500000000.0;-70.51
7.2;1;3;Only first element turn on;5500000000.0;-73.67
10.8;1;1;All elements turn off;5500000000.0;-70.39
10.8;1;2;All elements turn on;5500000000.0;-70.08
10.8;1;3;Only first element turn on;5500000000.0;-70.38
14.4;1;1;All elements turn off;5500000000.0;-64.80
14.4;1;2;All elements turn on;5500000000.0;-63.81
14.4;1;3;Only first element turn on;5500000000.0;-64.91
18.0;1;1;All elements turn off;5500000000.0;-69.63
18.0;1;2;All elements turn on;5500000000.0;-68.22
18.0;1;3;Only first element turn on;5500000000.0;-69.87
21.6;1;1;All elements turn off;5500000000.0;-68.69
21.6;1;2;All elements turn on;5500000000.0;-67.15
21.6;1;3;Only first element turn on;5500000000.0;-68.86
25.2;1;1;All elements turn off;5500000000.0;-68.76
25.2;1;2;All elements turn on;5500000000.0;-68.88
25.2;1;3;Only first element turn on;5500000000.0;-69.01
28.8;1;1;All elements turn off;5500000000.0;-72.03
28.8;1;2;All elements turn on;5500000000.0;-72.51
28.8;1;3;Only first element turn on;5500000000.0;-71.94
32.4;1;1;All elements turn off;5500000000.0;-73.71
32.4;1;2;All elements turn on;5500000000.0;-72.73
32.4;1;3;Only first element turn on;5500000000.0;-74.06
36.0;1;1;All elements turn off;5500000000.0;-69.53
36.0;1;2;All elements turn on;5500000000.0;-68.10
36.0;1;3;Only first element turn on;5500000000.0;-69.39
39.6;1;1;All elements turn off;5500000000.0;-63.87
39.6;1;2;All elements turn on;5500000000.0;-63.00
39.6;1;3;Only first element turn on;5500000000.0;-64.12
43.2;1;1;All elements turn off;5500000000.0;-71.58
43.2;1;2;All elements turn on;5500000000.0;-70.00
43.2;1;3;Only first element turn on;5500000000.0;-71.82
46.8;1;1;All elements turn off;5500000000.0;-73.80
46.8;1;2;All elements turn on;5500000000.0;-69.32
46.8;1;3;Only first element turn on;5500000000.0;-70.02
50.4;1;1;All elements turn off;5500000000.0;-70.10
50.4;1;2;All elements turn on;5500000000.0;-70.25
50.4;1;3;Only first element turn on;5500000000.0;-70.90
54.0;1;1;All elements turn off;0.0;1;1;All elements turn off;5500000000.0;-66.31
0.0;1;2;All elements turn on;5500000000.0;-66.48
0.0;1;3;Only first element turn on;5500000000.0;-66.40
1.8;1;1;All elements turn off;5500000000.0;-70.78
1.8;1;2;All elements turn on;5500000000.0;-70.48
1.8;1;3;Only first element turn on;5500000000.0;-70.78
3.6;1;1;All elements turn off;5500000000.0;-71.46
3.6;1;2;All elements turn on;5500000000.0;-69.35
3.6;1;3;Only first element turn on;5500000000.0;-72.43
5.4;1;1;All elements turn off;5500000000.0;-74.42
5.4;1;2;All elements turn on;5500000000.0;-70.91
5.4;1;3;Only first element turn on;5500000000.0;-74.79
7.2;1;1;All elements turn off;5500000000.0;-69.39
7.2;1;2;All elements turn on;5500000000.0;-69.43
7.2;1;3;Only first element turn on;5500000000.0;-69.37
9.0;1;1;All elements turn off;5500000000.0;-64.83
9.0;1;2;All elements turn on;5500000000.0;-63.83
9.0;1;3;Only first element turn on;5500000000.0;-64.84
10.8;1;1;All elements turn off;5500000000.0;-68.33
10.8;1;2;All elements turn on;5500000000.0;-66.90
10.8;1;3;Only first element turn on;5500000000.0;-68.52
12.6;1;1;All elements turn off;5500000000.0;-67.69
12.6;1;2;All elements turn on;5500000000.0;-66.27
12.6;1;3;Only first element turn on;5500000000.0;-67.82
14.4;1;1;All elements turn off;5500000000.0;-68.25
14.4;1;2;All elements turn on;5500000000.0;-68.76
14.4;1;3;Only first element turn on;5500000000.0;-68.36
16.2;1;1;All elements turn off;5500000000.0;-71.84
16.2;1;2;All elements turn on;5500000000.0;-72.38
16.2;1;3;Only first element turn on;5500000000.0;-72.50
18.0;1;1;All elements turn off;5500000000.0;-75.39
18.0;1;2;All elements turn on;5500000000.0;-73.95
18.0;1;3;Only first element turn on;5500000000.0;-74.56
19.8;1;1;All elements turn off;5500000000.0;-66.81
19.8;1;2;All elements turn on;5500000000.0;-66.92
19.8;1;3;Only first element turn on;5500000000.0;-69.08
21.6;1;1;All elements turn off;5500000000.0;-63.12
21.6;1;2;All elements turn on;5500000000.0;-62.21
21.6;1;3;Only first element turn on;5500000000.0;-63.35
23.4;1;1;All elements turn off;5500000000.0;-70.60
23.4;1;2;All elements turn on;5500000000.0;-70.67
23.4;1;3;Only first element turn on;5500000000.0;-70.10
25.2;1;1;All elements turn off;5500000000.0;-75.36
25.2;1;2;All elements turn on;5500000000.0;-71.90
25.2;1;3;Only first element turn on;5500000000.0;-75.79
27.0;1;1;All elements turn off;5500000000.0;-72.85
27.0;1;2;All elements turn on;5500000000.0;-73.24
27.0;1;3;Only first element turn on;5500000000.0;-75.27
28.8;1;1;All elements turn off;5500000000.0;-80.87
28.8;1;2;All elements turn on;5500000000.0;-76.66
28.8;1;3;Only first element turn on;5500000000.0;-81.16
30.6;1;1;All elements turn off;5500000000.0;-67.04
30.6;1;2;All elements turn on;5500000000.0;-65.46
30.6;1;3;Only first element turn on;5500000000.0;-67.96
32.4;1;1;All elements turn off;5500000000.0;-71.25
32.4;1;2;All elements turn on;5500000000.0;-72.53
32.4;1;3;Only first element turn on;5500000000.0;-70.60
34.2;1;1;All elements turn off;5500000000.0;-71.64
34.2;1;2;All elements turn on;5500000000.0;-71.10
34.2;1;3;Only first element turn on;5500000000.0;-72.13
36.0;1;1;All elements turn off;5500000000.0;-69.67
36.0;1;2;All elements turn on;5500000000.0;-68.67
36.0;1;3;Only first element turn on;5500000000.0;-68.76
37.8;1;1;All elements turn off;5500000000.0;-80.99
37.8;1;2;All elements turn on;5500000000.0;-83.22
37.8;1;3;Only first element turn on;5500000000.0;-79.28
39.6;1;1;All elements turn off;5500000000.0;-77.54
39.6;1;2;All elements turn on;5500000000.0;-71.99
39.6;1;3;Only first element turn on;5500000000.0;-77.01
41.4;1;1;All elements turn off;5500000000.0;-72.99
41.4;1;2;All elements turn on;5500000000.0;-82.38
41.4;1;3;Only first element turn on;5500000000.0;-72.38
43.2;1;1;All elements turn off;5500000000.0;-78.83
43.2;1;2;All elements turn on;5500000000.0;-76.68
43.2;1;3;Only first element turn on;5500000000.0;-79.93
45.0;1;1;All elements turn off;5500000000.0;-71.95
45.0;1;2;All elements turn on;5500000000.0;-67.91
45.0;1;3;Only first element turn on;5500000000.0;-71.06
46.8;1;1;All elements turn off;5500000000.0;-70.49
46.8;1;2;All elements turn on;5500000000.0;-69.43
46.8;1;3;Only first element turn on;5500000000.0;-71.45
48.6;1;1;All elements turn off;5500000000.0;-79.95
48.6;1;2;All elements turn on;5500000000.0;-74.20
48.6;1;3;Only first element turn on;5500000000.0;-80.81
50.4;1;1;All elements turn off;5500000000.0;-73.01
50.4;1;2;All elements turn on;5500000000.0;-70.43
50.4;1;3;Only first element turn on;5500000000.0;-73.51
52.2;1;1;All elements turn off;5500000000.0;-70.99
52.2;1;2;All elements turn on;5500000000.0;-67.14
52.2;1;3;Only first element turn on;5500000000.0;-71.18
54.0;1;1;All elements turn off;5500000000.0;-78.38
54.0;1;2;All elements turn on;5500000000.0;-73.96
54.0;1;3;Only first element turn on;5500000000.0;-76.90
55.8;1;1;All elements turn off;5500000000.0;-74.79
55.8;1;2;All elements turn on;5500000000.0;-71.38
55.8;1;3;Only first element turn on;5500000000.0;-73.28
57.6;1;1;All elements turn off;5500000000.0;-74.97
57.6;1;2;All elements turn on;5500000000.0;-72.41
57.6;1;3;Only first element turn on;5500000000.0;-75.63
59.4;1;1;All elements turn off;5500000000.0;-70.41
59.4;1;2;All elements turn on;5500000000.0;-71.80
59.4;1;3;Only first element turn on;5500000000.0;-69.97
61.2;1;1;All elements turn off;5500000000.0;-69.04
61.2;1;2;All elements turn on;5500000000.0;-76.00
61.2;1;3;Only first element turn on;5500000000.0;-69.11
63.0;1;1;All elements turn off;5500000000.0;-69.00
63.0;1;2;All elements turn on;5500000000.0;-77.98
63.0;1;3;Only first element turn on;5500000000.0;-70.77
64.8;1;1;All elements turn off;5500000000.0;-79.39
64.8;1;2;All elements turn on;5500000000.0;-79.93
64.8;1;3;Only first element turn on;5500000000.0;-78.43
66.6;1;1;All elements turn off;5500000000.0;-78.62
66.6;1;2;All elements turn on;5500000000.0;-71.64
66.6;1;3;Only first element turn on;5500000000.0;-78.62
68.4;1;1;All elements turn off;5500000000.0;-77.61
68.4;1;2;All elements turn on;5500000000.0;-68.50
68.4;1;3;Only first element turn on;5500000000.0;-78.09
70.2;1;1;All elements turn off;5500000000.0;-85.37
70.2;1;2;All elements turn on;5500000000.0;-69.55
70.2;1;3;Only first element turn on;5500000000.0;-80.59
72.0;1;1;All elements turn off;5500000000.0;-76.56
72.0;1;2;All elements turn on;5500000000.0;-69.02
72.0;1;3;Only first element turn on;5500000000.0;-75.81
73.8;1;1;All elements turn off;5500000000.0;-78.88
73.8;1;2;All elements turn on;5500000000.0;-66.11
73.8;1;3;Only first element turn on;5500000000.0;-78.35
75.6;1;1;All elements turn off;5500000000.0;-71.25
75.6;1;2;All elements turn on;5500000000.0;-64.88
75.6;1;3;Only first element turn on;5500000000.0;-72.18
77.4;1;1;All elements turn off;5500000000.0;-69.68
77.4;1;2;All elements turn on;5500000000.0;-67.37
77.4;1;3;Only first element turn on;5500000000.0;-69.29
79.2;1;1;All elements turn off;5500000000.0;-66.71
79.2;1;2;All elements turn on;5500000000.0;-68.46
79.2;1;3;Only first element turn on;5500000000.0;-66.94
81.0;1;1;All elements turn off;5500000000.0;-67.78
81.0;1;2;All elements turn on;5500000000.0;-65.80
81.0;1;3;Only first element turn on;5500000000.0;-67.50
82.8;1;1;All elements turn off;5500000000.0;-64.75
82.8;1;2;All elements turn on;5500000000.0;-68.95
82.8;1;3;Only first element turn on;5500000000.0;-64.06
84.6;1;1;All elements turn off;5500000000.0;-60.69
84.6;1;2;All elements turn on;5500000000.0;-75.41
84.6;1;3;Only first element turn on;5500000000.0;-60.58
86.4;1;1;All elements turn off;5500000000.0;-59.53
86.4;1;2;All elements turn on;5500000000.0;-69.03
86.4;1;3;Only first element turn on;5500000000.0;-59.52
88.2;1;1;All elements turn off;5500000000.0;-58.31
88.2;1;2;All elements turn on;5500000000.0;-71.98
88.2;1;3;Only first element turn on;5500000000.0;-58.46
0.0;1;1;All elements turn off;5500000000.0;-72.73
0.0;1;2;All elements turn on;5500000000.0;-72.73
0.0;1;3;Only first element turn on;5500000000.0;-72.92
1.8;1;1;All elements turn off;5500000000.0;-74.78
1.8;1;2;All elements turn on;5500000000.0;-71.55
1.8;1;3;Only first element turn on;5500000000.0;-75.52
3.6;1;1;All elements turn off;5500000000.0;-69.28
3.6;1;2;All elements turn on;5500000000.0;-68.97
3.6;1;3;Only first element turn on;5500000000.0;-69.32
5.4;1;1;All elements turn off;5500000000.0;-64.29
5.4;1;2;All elements turn on;5500000000.0;-63.26
5.4;1;3;Only first element turn on;5500000000.0;-64.07
7.2;1;1;All elements turn off;5500000000.0;-68.84
7.2;1;2;All elements turn on;5500000000.0;-67.26
7.2;1;3;Only first element turn on;5500000000.0;-69.02
9.0;1;1;All elements turn off;5500000000.0;-68.95
9.0;1;2;All elements turn on;5500000000.0;-67.09
9.0;1;3;Only first element turn on;5500000000.0;-68.81
10.8;1;1;All elements turn off;5500000000.0;-69.21
10.8;1;2;All elements turn on;5500000000.0;-69.30
10.8;1;3;Only first element turn on;5500000000.0;-69.35
12.6;1;1;All elements turn off;5500000000.0;-72.13
12.6;1;2;All elements turn on;5500000000.0;-72.60
12.6;1;3;Only first element turn on;5500000000.0;-71.78
14.4;1;1;All elements turn off;5500000000.0;-74.19
14.4;1;2;All elements turn on;5500000000.0;-73.89
14.4;1;3;Only first element turn on;5500000000.0;-74.26
16.2;1;1;All elements turn off;5500000000.0;-68.98
16.2;1;2;All elements turn on;5500000000.0;-67.43
16.2;1;3;Only first element turn on;5500000000.0;-68.96
18.0;1;1;All elements turn off;5500000000.0;-63.84
18.0;1;2;All elements turn on;5500000000.0;-62.63
18.0;1;3;Only first element turn on;5500000000.0;-63.92
19.8;1;1;All elements turn off;5500000000.0;-70.98
19.8;1;2;All elements turn on;5500000000.0;-69.28
19.8;1;3;Only first element turn on;5500000000.0;-71.18
21.6;1;1;All elements turn off;5500000000.0;-72.49
21.6;1;2;All elements turn on;5500000000.0;-69.37
21.6;1;3;Only first element turn on;5500000000.0;-72.45
23.4;1;1;All elements turn off;5500000000.0;-72.06
23.4;1;2;All elements turn on;5500000000.0;-71.16
23.4;1;3;Only first element turn on;5500000000.0;-72.34
25.2;1;1;All elements turn off;5500000000.0;-85.89
25.2;1;2;All elements turn on;5500000000.0;-75.15
25.2;1;3;Only first element turn on;5500000000.0;-85.24
27.0;1;1;All elements turn off;5500000000.0;-67.52
27.0;1;2;All elements turn on;5500000000.0;-66.01
27.0;1;3;Only first element turn on;5500000000.0;-67.67
28.8;1;1;All elements turn off;5500000000.0;-69.87
28.8;1;2;All elements turn on;5500000000.0;-71.24
28.8;1;3;Only first element turn on;5500000000.0;-69.97
30.6;1;1;All elements turn off;5500000000.0;-73.05
30.6;1;2;All elements turn on;5500000000.0;-71.11
30.6;1;3;Only first element turn on;5500000000.0;-73.07
32.4;1;1;All elements turn off;5500000000.0;-70.93
32.4;1;2;All elements turn on;5500000000.0;-70.34
32.4;1;3;Only first element turn on;5500000000.0;-71.32
34.2;1;1;All elements turn off;5500000000.0;-79.65
34.2;1;2;All elements turn on;5500000000.0;-93.03
34.2;1;3;Only first element turn on;5500000000.0;-79.71
36.0;1;1;All elements turn off;5500000000.0;-73.70
36.0;1;2;All elements turn on;5500000000.0;-71.29
36.0;1;3;Only first element turn on;5500000000.0;-73.96
37.8;1;1;All elements turn off;5500000000.0;-69.89
37.8;1;2;All elements turn on;5500000000.0;-76.60
37.8;1;3;Only first element turn on;5500000000.0;-70.32
39.6;1;1;All elements turn off;5500000000.0;-81.06
39.6;1;2;All elements turn on;5500000000.0;-75.88
39.6;1;3;Only first element turn on;5500000000.0;-82.22
41.4;1;1;All elements turn off;5500000000.0;-71.82
41.4;1;2;All elements turn on;5500000000.0;-69.41
41.4;1;3;Only first element turn on;5500000000.0;-72.60
43.2;1;1;All elements turn off;5500000000.0;-71.61
43.2;1;2;All elements turn on;5500000000.0;-70.32
43.2;1;3;Only first element turn on;5500000000.0;-72.10
45.0;1;1;All elements turn off;5500000000.0;-79.06
45.0;1;2;All elements turn on;5500000000.0;-76.45
45.0;1;3;Only first element turn on;5500000000.0;-78.85
46.8;1;1;All elements turn off;5500000000.0;-75.57
46.8;1;2;All elements turn on;5500000000.0;-70.58
46.8;1;3;Only first element turn on;5500000000.0;-76.63
48.6;1;1;All elements turn off;5500000000.0;-72.42
48.6;1;2;All elements turn on;5500000000.0;-70.49
48.6;1;3;Only first element turn on;5500000000.0;-72.51
50.4;1;1;All elements turn off;5500000000.0;-85.07
50.4;1;2;All elements turn on;5500000000.0;-79.90
50.4;1;3;Only first element turn on;5500000000.0;-84.80
52.2;1;1;All elements turn off;5500000000.0;-72.66
52.2;1;2;All elements turn on;5500000000.0;-67.08
52.2;1;3;Only first element turn on;5500000000.0;-72.19
54.0;1;1;All elements turn off;5500000000.0;-72.13
54.0;1;2;All elements turn on;5500000000.0;-70.63
54.0;1;3;Only first element turn on;5500000000.0;-72.11
55.8;1;1;All elements turn off;5500000000.0;-70.77
55.8;1;2;All elements turn on;5500000000.0;-71.25
55.8;1;3;Only first element turn on;5500000000.0;-70.62
57.6;1;1;All elements turn off;5500000000.0;-71.43
57.6;1;2;All elements turn on;5500000000.0;-74.70
57.6;1;3;Only first element turn on;5500000000.0;-69.81
59.4;1;1;All elements turn off;5500000000.0;-71.71
59.4;1;2;All elements turn on;5500000000.0;-77.29
59.4;1;3;Only first element turn on;5500000000.0;-70.85
61.2;1;1;All elements turn off;5500000000.0;-78.96
61.2;1;2;All elements turn on;5500000000.0;-80.21
61.2;1;3;Only first element turn on;5500000000.0;-76.99
63.0;1;1;All elements turn off;5500000000.0;-77.01
63.0;1;2;All elements turn on;5500000000.0;-73.51
63.0;1;3;Only first element turn on;5500000000.0;-76.13
64.8;1;1;All elements turn off;5500000000.0;-75.62
64.8;1;2;All elements turn on;5500000000.0;-68.19
64.8;1;3;Only first element turn on;5500000000.0;-76.24
66.6;1;1;All elements turn off;5500000000.0;-86.89
66.6;1;2;All elements turn on;5500000000.0;-69.20
66.6;1;3;Only first element turn on;5500000000.0;-81.72
68.4;1;1;All elements turn off;5500000000.0;-78.20
68.4;1;2;All elements turn on;5500000000.0;-68.49
68.4;1;3;Only first element turn on;5500000000.0;-76.96
70.2;1;1;All elements turn off;5500000000.0;-78.78
70.2;1;2;All elements turn on;5500000000.0;-65.57
70.2;1;3;Only first element turn on;5500000000.0;-78.38
72.0;1;1;All elements turn off;5500000000.0;-71.02
72.0;1;2;All elements turn on;5500000000.0;-64.36
72.0;1;3;Only first element turn on;5500000000.0;-71.25
73.8;1;1;All elements turn off;5500000000.0;-68.77
73.8;1;2;All elements turn on;5500000000.0;-66.51
73.8;1;3;Only first element turn on;5500000000.0;-69.20
75.6;1;1;All elements turn off;5500000000.0;-66.25
75.6;1;2;All elements turn on;5500000000.0;-68.05
75.6;1;3;Only first element turn on;5500000000.0;-66.16
77.4;1;1;All elements turn off;5500000000.0;-70.82
77.4;1;2;All elements turn on;5500000000.0;-67.84
77.4;1;3;Only first element turn on;5500000000.0;-70.08
79.2;1;1;All elements turn off;5500000000.0;-66.82
79.2;1;2;All elements turn on;5500000000.0;-67.35
79.2;1;3;Only first element turn on;5500000000.0;-63.62
81.0;1;1;All elements turn off;5500000000.0;-60.42
81.0;1;2;All elements turn on;5500000000.0;-72.35
81.0;1;3;Only first element turn on;5500000000.0;-61.23
82.8;1;1;All elements turn off;5500000000.0;-59.25
82.8;1;2;All elements turn on;5500000000.0;-68.93
82.8;1;3;Only first element turn on;5500000000.0;-59.25
84.6;1;1;All elements turn off;5500000000.0;-58.22
84.6;1;2;All elements turn on;5500000000.0;-72.71
84.6;1;3;Only first element turn on;5500000000.0;-58.13
86.4;1;1;All elements turn off;5500000000.0;-54.87
86.4;1;2;All elements turn on;5500000000.0;-57.17
86.4;1;3;Only first element turn on;5500000000.0;-55.29
88.2;1;1;All elements turn off;5500000000.0;-53.26
88.2;1;2;All elements turn on;5500000000.0;-51.92
88.2;1;3;Only first element turn on;5500000000.0;-53.38
90.0;1;1;All elements turn off;5500000000.0;-52.84
90.0;1;2;All elements turn on;5500000000.0;-50.57
90.0;1;3;Only first element turn on;5500000000.0;-53.21
0.0;1;1;All elements turn off;5500000000.0;-72.33
0.0;1;2;All elements turn on;5500000000.0;-72.41
0.0;1;8;Lower half on;5500000000.0;-70.83
0.0;1;17;Thicker vertical strips [11110000];5500000000.0;-70.28
0.0;1;19;Thick horizontal strips [1100];5500000000.0;-71.81
0.0;1;20;Thick horizontal strips [0011];5500000000.0;-71.43
1.8;1;1;All elements turn off;5500000000.0;-72.64
1.8;1;2;All elements turn on;5500000000.0;-70.15
1.8;1;8;Lower half on;5500000000.0;-70.98
1.8;1;17;Thicker vertical strips [11110000];5500000000.0;-70.22
1.8;1;19;Thick horizontal strips [1100];5500000000.0;-71.71
1.8;1;20;Thick horizontal strips [0011];5500000000.0;-71.19
3.6;1;1;All elements turn off;5500000000.0;-73.47
3.6;1;2;All elements turn on;5500000000.0;-70.56
3.6;1;8;Lower half on;5500000000.0;-71.34
3.6;1;17;Thicker vertical strips [11110000];5500000000.0;-70.66
3.6;1;19;Thick horizontal strips [1100];5500000000.0;-72.65
3.6;1;20;Thick horizontal strips [0011];5500000000.0;-71.53
5.4;1;1;All elements turn off;5500000000.0;-69.18
5.4;1;2;All elements turn on;5500000000.0;-68.97
5.4;1;8;Lower half on;5500000000.0;-68.77
5.4;1;17;Thicker vertical strips [11110000];5500000000.0;-68.28
5.4;1;19;Thick horizontal strips [1100];5500000000.0;-69.11
5.4;1;20;Thick horizontal strips [0011];5500000000.0;-68.96
7.2;1;1;All elements turn off;5500000000.0;-64.45
7.2;1;2;All elements turn on;5500000000.0;-63.53
7.2;1;8;Lower half on;5500000000.0;-63.64
7.2;1;17;Thicker vertical strips [11110000];5500000000.0;-63.08
7.2;1;19;Thick horizontal strips [1100];5500000000.0;-64.14
7.2;1;20;Thick horizontal strips [0011];5500000000.0;-63.81
9.0;1;1;All elements turn off;5500000000.0;-69.49
9.0;1;2;All elements turn on;5500000000.0;-67.92
9.0;1;8;Lower half on;5500000000.0;-68.38
9.0;1;17;Thicker vertical strips [11110000];5500000000.0;-67.45
9.0;1;19;Thick horizontal strips [1100];5500000000.0;-69.00
9.0;1;20;Thick horizontal strips [0011];5500000000.0;-68.55
10.8;1;1;All elements turn off;5500000000.0;-68.92
10.8;1;2;All elements turn on;5500000000.0;-67.35
10.8;1;8;Lower half on;5500000000.0;-68.25
10.8;1;17;Thicker vertical strips [11110000];5500000000.0;-66.87
10.8;1;19;Thick horizontal strips [1100];5500000000.0;-68.60
10.8;1;20;Thick horizontal strips [0011];5500000000.0;-67.82
12.6;1;1;All elements turn off;5500000000.0;-69.94
12.6;1;2;All elements turn on;5500000000.0;-70.60
12.6;1;8;Lower half on;5500000000.0;-71.29
12.6;1;17;Thicker vertical strips [11110000];5500000000.0;-70.83
12.6;1;19;Thick horizontal strips [1100];5500000000.0;-70.39
12.6;1;20;Thick horizontal strips [0011];5500000000.0;-70.43
14.4;1;1;All elements turn off;5500000000.0;-72.14
14.4;1;2;All elements turn on;5500000000.0;-72.18
14.4;1;8;Lower half on;5500000000.0;-71.21
14.4;1;17;Thicker vertical strips [11110000];5500000000.0;-71.37
14.4;1;19;Thick horizontal strips [1100];5500000000.0;-71.97
14.4;1;20;Thick horizontal strips [0011];5500000000.0;-72.58
16.2;1;1;All elements turn off;5500000000.0;-73.23
16.2;1;2;All elements turn on;5500000000.0;-72.64
16.2;1;8;Lower half on;5500000000.0;-71.78
16.2;1;17;Thicker vertical strips [11110000];5500000000.0;-70.63
16.2;1;19;Thick horizontal strips [1100];5500000000.0;-73.23
16.2;1;20;Thick horizontal strips [0011];5500000000.0;-72.71
18.0;1;1;All elements turn off;5500000000.0;-70.07
18.0;1;2;All elements turn on;5500000000.0;-68.49
18.0;1;8;Lower half on;5500000000.0;-68.64
18.0;1;17;Thicker vertical strips [11110000];5500000000.0;-68.40
18.0;1;19;Thick horizontal strips [1100];5500000000.0;-69.59
18.0;1;20;Thick horizontal strips [0011];5500000000.0;-69.09
19.8;1;1;All elements turn off;5500000000.0;-64.35
19.8;1;2;All elements turn on;5500000000.0;-63.21
19.8;1;8;Lower half on;5500000000.0;-63.30
19.8;1;17;Thicker vertical strips [11110000];5500000000.0;-62.75
19.8;1;19;Thick horizontal strips [1100];5500000000.0;-64.09
19.8;1;20;Thick horizontal strips [0011];5500000000.0;-63.59
21.6;1;1;All elements turn off;5500000000.0;-72.82
21.6;1;2;All elements turn on;5500000000.0;-71.21
21.6;1;8;Lower half on;5500000000.0;-71.81
21.6;1;17;Thicker vertical strips [11110000];5500000000.0;-71.31
21.6;1;19;Thick horizontal strips [1100];5500000000.0;-72.59
21.6;1;20;Thick horizontal strips [0011];5500000000.0;-71.53
23.4;1;1;All elements turn off;5500000000.0;-72.20
23.4;1;2;All elements turn on;5500000000.0;-69.88
23.4;1;8;Lower half on;5500000000.0;-71.06
23.4;1;17;Thicker vertical strips [11110000];5500000000.0;-69.12
23.4;1;19;Thick horizontal strips [1100];5500000000.0;-71.19
23.4;1;20;Thick horizontal strips [0011];5500000000.0;-70.97
25.2;1;1;All elements turn off;5500000000.0;-72.07
25.2;1;2;All elements turn on;5500000000.0;-70.94
25.2;1;8;Lower half on;5500000000.0;-71.92
25.2;1;17;Thicker vertical strips [11110000];5500000000.0;-72.22
25.2;1;19;Thick horizontal strips [1100];5500000000.0;-71.86
25.2;1;20;Thick horizontal strips [0011];5500000000.0;-71.20
27.0;1;1;All elements turn off;5500000000.0;-79.62
27.0;1;2;All elements turn on;5500000000.0;-72.67
27.0;1;8;Lower half on;5500000000.0;-73.35
27.0;1;17;Thicker vertical strips [11110000];5500000000.0;-74.64
27.0;1;19;Thick horizontal strips [1100];5500000000.0;-75.45
27.0;1;20;Thick horizontal strips [0011];5500000000.0;-74.75
28.8;1;1;All elements turn off;5500000000.0;-66.83
28.8;1;2;All elements turn on;5500000000.0;-65.32
28.8;1;8;Lower half on;5500000000.0;-65.65
28.8;1;17;Thicker vertical strips [11110000];5500000000.0;-65.93
28.8;1;19;Thick horizontal strips [1100];5500000000.0;-66.02
28.8;1;20;Thick horizontal strips [0011];5500000000.0;-65.90
30.6;1;1;All elements turn off;5500000000.0;-69.77
30.6;1;2;All elements turn on;5500000000.0;-71.00
30.6;1;8;Lower half on;5500000000.0;-71.70
30.6;1;17;Thicker vertical strips [11110000];5500000000.0;-69.25
30.6;1;19;Thick horizontal strips [1100];5500000000.0;-69.90
30.6;1;20;Thick horizontal strips [0011];5500000000.0;-70.57
32.4;1;1;All elements turn off;5500000000.0;-73.72
32.4;1;2;All elements turn on;5500000000.0;-71.91
32.4;1;8;Lower half on;5500000000.0;-71.26
32.4;1;17;Thicker vertical strips [11110000];5500000000.0;-74.09
32.4;1;19;Thick horizontal strips [1100];5500000000.0;-73.56
32.4;1;20;Thick horizontal strips [0011];5500000000.0;-72.13
34.2;1;1;All elements turn off;5500000000.0;-70.42
34.2;1;2;All elements turn on;5500000000.0;-69.92
34.2;1;8;Lower half on;5500000000.0;-69.13
34.2;1;17;Thicker vertical strips [11110000];5500000000.0;-69.67
34.2;1;19;Thick horizontal strips [1100];5500000000.0;-70.56
34.2;1;20;Thick horizontal strips [0011];5500000000.0;-69.59
36.0;1;1;All elements turn off;5500000000.0;-78.87
36.0;1;2;All elements turn on;5500000000.0;-88.46
36.0;1;8;Lower half on;5500000000.0;-83.76
36.0;1;17;Thicker vertical strips [11110000];5500000000.0;-91.62
36.0;1;19;Thick horizontal strips [1100];5500000000.0;-80.01
36.0;1;20;Thick horizontal strips [0011];5500000000.0;-81.14
37.8;1;1;All elements turn off;5500000000.0;-75.56
37.8;1;2;All elements turn on;5500000000.0;-72.29
37.8;1;8;Lower half on;5500000000.0;-72.44
37.8;1;17;Thicker vertical strips [11110000];5500000000.0;-71.30
37.8;1;19;Thick horizontal strips [1100];5500000000.0;-73.84
37.8;1;20;Thick horizontal strips [0011];5500000000.0;-73.78
39.6;1;1;All elements turn off;5500000000.0;-70.17
39.6;1;2;All elements turn on;5500000000.0;-77.88
39.6;1;8;Lower half on;5500000000.0;-74.47
39.6;1;17;Thicker vertical strips [11110000];5500000000.0;-72.11
39.6;1;19;Thick horizontal strips [1100];5500000000.0;-73.33
39.6;1;20;Thick horizontal strips [0011];5500000000.0;-73.69
41.4;1;1;All elements turn off;5500000000.0;-79.74
41.4;1;2;All elements turn on;5500000000.0;-75.31
41.4;1;8;Lower half on;5500000000.0;-78.70
41.4;1;17;Thicker vertical strips [11110000];5500000000.0;-79.96
41.4;1;19;Thick horizontal strips [1100];5500000000.0;-86.14
41.4;1;20;Thick horizontal strips [0011];5500000000.0;-79.55
43.2;1;1;All elements turn off;5500000000.0;-72.48
43.2;1;2;All elements turn on;5500000000.0;-69.37
43.2;1;8;Lower half on;5500000000.0;-70.05
43.2;1;17;Thicker vertical strips [11110000];5500000000.0;-68.15
43.2;1;19;Thick horizontal strips [1100];5500000000.0;-71.24
43.2;1;20;Thick horizontal strips [0011];5500000000.0;-70.75
45.0;1;1;All elements turn off;5500000000.0;-72.37
45.0;1;2;All elements turn on;5500000000.0;-70.86
45.0;1;8;Lower half on;5500000000.0;-71.86
45.0;1;17;Thicker vertical strips [11110000];5500000000.0;-72.21
45.0;1;19;Thick horizontal strips [1100];5500000000.0;-72.33
45.0;1;20;Thick horizontal strips [0011];5500000000.0;-71.63
46.8;1;1;All elements turn off;5500000000.0;-82.17
46.8;1;2;All elements turn on;5500000000.0;-74.67
46.8;1;8;Lower half on;5500000000.0;-78.23
46.8;1;17;Thicker vertical strips [11110000];5500000000.0;-78.93
46.8;1;19;Thick horizontal strips [1100];5500000000.0;-91.35
46.8;1;20;Thick horizontal strips [0011];5500000000.0;-79.34
48.6;1;1;All elements turn off;5500000000.0;-74.08
48.6;1;2;All elements turn on;5500000000.0;-69.66
48.6;1;8;Lower half on;5500000000.0;-69.85
48.6;1;17;Thicker vertical strips [11110000];5500000000.0;-68.91
48.6;1;19;Thick horizontal strips [1100];5500000000.0;-72.92
48.6;1;20;Thick horizontal strips [0011];5500000000.0;-70.76
50.4;1;1;All elements turn off;5500000000.0;-70.50
50.4;1;2;All elements turn on;5500000000.0;-69.50
50.4;1;8;Lower half on;5500000000.0;-69.12
50.4;1;17;Thicker vertical strips [11110000];5500000000.0;-66.74
50.4;1;19;Thick horizontal strips [1100];5500000000.0;-70.61
50.4;1;20;Thick horizontal strips [0011];5500000000.0;-70.23
52.2;1;1;All elements turn off;5500000000.0;-90.27
52.2;1;2;All elements turn on;5500000000.0;-78.35
52.2;1;8;Lower half on;5500000000.0;-78.94
52.2;1;17;Thicker vertical strips [11110000];5500000000.0;-72.27
52.2;1;19;Thick horizontal strips [1100];5500000000.0;-88.57
52.2;1;20;Thick horizontal strips [0011];5500000000.0;-89.66
54.0;1;1;All elements turn off;5500000000.0;-77.20
54.0;1;2;All elements turn on;5500000000.0;-71.05
54.0;1;8;Lower half on;5500000000.0;-71.24
54.0;1;17;Thicker vertical strips [11110000];5500000000.0;-67.49
54.0;1;19;Thick horizontal strips [1100];5500000000.0;-75.31
54.0;1;20;Thick horizontal strips [0011];5500000000.0;-74.12
55.8;1;1;All elements turn off;5500000000.0;-72.67
55.8;1;2;All elements turn on;5500000000.0;-71.16
55.8;1;8;Lower half on;5500000000.0;-70.43
55.8;1;17;Thicker vertical strips [11110000];5500000000.0;-66.51
55.8;1;19;Thick horizontal strips [1100];5500000000.0;-73.62
55.8;1;20;Thick horizontal strips [0011];5500000000.0;-71.63
57.6;1;1;All elements turn off;5500000000.0;-70.32
57.6;1;2;All elements turn on;5500000000.0;-71.18
57.6;1;8;Lower half on;5500000000.0;-69.90
57.6;1;17;Thicker vertical strips [11110000];5500000000.0;-72.24
57.6;1;19;Thick horizontal strips [1100];5500000000.0;-71.29
57.6;1;20;Thick horizontal strips [0011];5500000000.0;-70.53
59.4;1;1;All elements turn off;5500000000.0;-70.25
59.4;1;2;All elements turn on;5500000000.0;-76.36
59.4;1;8;Lower half on;5500000000.0;-75.04
59.4;1;17;Thicker vertical strips [11110000];5500000000.0;-68.48
59.4;1;19;Thick horizontal strips [1100];5500000000.0;-73.89
59.4;1;20;Thick horizontal strips [0011];5500000000.0;-74.04
61.2;1;1;All elements turn off;5500000000.0;-71.39
61.2;1;2;All elements turn on;5500000000.0;-77.91
61.2;1;8;Lower half on;5500000000.0;-87.40
61.2;1;17;Thicker vertical strips [11110000];5500000000.0;-70.19
61.2;1;19;Thick horizontal strips [1100];5500000000.0;-78.17
61.2;1;20;Thick horizontal strips [0011];5500000000.0;-80.58
63.0;1;1;All elements turn off;5500000000.0;-79.07
63.0;1;2;All elements turn on;5500000000.0;-80.25
63.0;1;8;Lower half on;5500000000.0;-86.69
63.0;1;17;Thicker vertical strips [11110000];5500000000.0;-77.75
63.0;1;19;Thick horizontal strips [1100];5500000000.0;-81.02
63.0;1;20;Thick horizontal strips [0011];5500000000.0;-80.42
64.8;1;1;All elements turn off;5500000000.0;-77.55
64.8;1;2;All elements turn on;5500000000.0;-73.15
64.8;1;8;Lower half on;5500000000.0;-76.41
64.8;1;17;Thicker vertical strips [11110000];5500000000.0;-71.84
64.8;1;19;Thick horizontal strips [1100];5500000000.0;-91.41
64.8;1;20;Thick horizontal strips [0011];5500000000.0;-72.27
66.6;1;1;All elements turn off;5500000000.0;-76.03
66.6;1;2;All elements turn on;5500000000.0;-68.07
66.6;1;8;Lower half on;5500000000.0;-76.47
66.6;1;17;Thicker vertical strips [11110000];5500000000.0;-69.97
66.6;1;19;Thick horizontal strips [1100];5500000000.0;-75.76
66.6;1;20;Thick horizontal strips [0011];5500000000.0;-69.10
68.4;1;1;All elements turn off;5500000000.0;-90.99
68.4;1;2;All elements turn on;5500000000.0;-68.86
68.4;1;8;Lower half on;5500000000.0;-82.86
68.4;1;17;Thicker vertical strips [11110000];5500000000.0;-71.21
68.4;1;19;Thick horizontal strips [1100];5500000000.0;-72.46
68.4;1;20;Thick horizontal strips [0011];5500000000.0;-70.45
70.2;1;1;All elements turn off;5500000000.0;-78.60
70.2;1;2;All elements turn on;5500000000.0;-68.18
70.2;1;8;Lower half on;5500000000.0;-78.88
70.2;1;17;Thicker vertical strips [11110000];5500000000.0;-77.06
70.2;1;19;Thick horizontal strips [1100];5500000000.0;-73.15
70.2;1;20;Thick horizontal strips [0011];5500000000.0;-69.88
72.0;1;1;All elements turn off;5500000000.0;-80.29
72.0;1;2;All elements turn on;5500000000.0;-65.66
72.0;1;8;Lower half on;5500000000.0;-69.00
72.0;1;17;Thicker vertical strips [11110000];5500000000.0;-73.90
72.0;1;19;Thick horizontal strips [1100];5500000000.0;-75.24
72.0;1;20;Thick horizontal strips [0011];5500000000.0;-67.03
73.8;1;1;All elements turn off;5500000000.0;-71.70
73.8;1;2;All elements turn on;5500000000.0;-64.75
73.8;1;8;Lower half on;5500000000.0;-65.39
73.8;1;17;Thicker vertical strips [11110000];5500000000.0;-67.02
73.8;1;19;Thick horizontal strips [1100];5500000000.0;-71.91
73.8;1;20;Thick horizontal strips [0011];5500000000.0;-65.17
75.6;1;1;All elements turn off;5500000000.0;-69.53
75.6;1;2;All elements turn on;5500000000.0;-67.41
75.6;1;8;Lower half on;5500000000.0;-66.96
75.6;1;17;Thicker vertical strips [11110000];5500000000.0;-65.52
75.6;1;19;Thick horizontal strips [1100];5500000000.0;-71.14
75.6;1;20;Thick horizontal strips [0011];5500000000.0;-66.80
77.4;1;1;All elements turn off;5500000000.0;-66.71
77.4;1;2;All elements turn on;5500000000.0;-68.82
77.4;1;8;Lower half on;5500000000.0;-70.05
77.4;1;17;Thicker vertical strips [11110000];5500000000.0;-65.78
77.4;1;19;Thick horizontal strips [1100];5500000000.0;-70.90
77.4;1;20;Thick horizontal strips [0011];5500000000.0;-71.45
79.2;1;1;All elements turn off;5500000000.0;-68.17
79.2;1;2;All elements turn on;5500000000.0;-66.00
79.2;1;8;Lower half on;5500000000.0;-68.38
79.2;1;17;Thicker vertical strips [11110000];5500000000.0;-59.58
79.2;1;19;Thick horizontal strips [1100];5500000000.0;-69.25
79.2;1;20;Thick horizontal strips [0011];5500000000.0;-72.09
81.0;1;1;All elements turn off;5500000000.0;-65.09
81.0;1;2;All elements turn on;5500000000.0;-69.13
81.0;1;8;Lower half on;5500000000.0;-68.57
81.0;1;17;Thicker vertical strips [11110000];5500000000.0;-56.03
81.0;1;19;Thick horizontal strips [1100];5500000000.0;-66.74
81.0;1;20;Thick horizontal strips [0011];5500000000.0;-69.37
82.8;1;1;All elements turn off;5500000000.0;-61.01
82.8;1;2;All elements turn on;5500000000.0;-74.99
82.8;1;8;Lower half on;5500000000.0;-73.09
82.8;1;17;Thicker vertical strips [11110000];5500000000.0;-55.61
82.8;1;19;Thick horizontal strips [1100];5500000000.0;-66.79
82.8;1;20;Thick horizontal strips [0011];5500000000.0;-70.32
84.6;1;1;All elements turn off;5500000000.0;-59.46
84.6;1;2;All elements turn on;5500000000.0;-68.47
84.6;1;8;Lower half on;5500000000.0;-70.39
84.6;1;17;Thicker vertical strips [11110000];5500000000.0;-58.03
84.6;1;19;Thick horizontal strips [1100];5500000000.0;-65.68
84.6;1;20;Thick horizontal strips [0011];5500000000.0;-68.86
86.4;1;1;All elements turn off;5500000000.0;-58.07
86.4;1;2;All elements turn on;5500000000.0;-72.18
86.4;1;8;Lower half on;5500000000.0;-65.82
86.4;1;17;Thicker vertical strips [11110000];5500000000.0;-61.50
86.4;1;19;Thick horizontal strips [1100];5500000000.0;-62.06
86.4;1;20;Thick horizontal strips [0011];5500000000.0;-63.00
88.2;1;1;All elements turn off;5500000000.0;-55.36
88.2;1;2;All elements turn on;5500000000.0;-57.54
88.2;1;8;Lower half on;5500000000.0;-59.20
88.2;1;17;Thicker vertical strips [11110000];5500000000.0;-61.47
88.2;1;19;Thick horizontal strips [1100];5500000000.0;-59.33
88.2;1;20;Thick horizontal strips [0011];5500000000.0;-58.02
90.0;1;1;All elements turn off;5500000000.0;-53.34
90.0;1;2;All elements turn on;5500000000.0;-51.82
90.0;1;8;Lower half on;5500000000.0;-55.00
90.0;1;17;Thicker vertical strips [11110000];5500000000.0;-58.90
90.0;1;19;Thick horizontal strips [1100];5500000000.0;-58.32
90.0;1;20;Thick horizontal strips [0011];5500000000.0;-55.16
91.8;1;1;All elements turn off;5500000000.0;-52.92
91.8;1;2;All elements turn on;5500000000.0;-50.63
91.8;1;8;Lower half on;5500000000.0;-54.50
91.8;1;17;Thicker vertical strips [11110000];5500000000.0;-56.62
91.8;1;19;Thick horizontal strips [1100];5500000000.0;-58.55
91.8;1;20;Thick horizontal strips [0011];5500000000.0;-54.89
93.6;1;1;All elements turn off;5500000000.0;-53.81
93.6;1;2;All elements turn on;5500000000.0;-52.77
93.6;1;8;Lower half on;5500000000.0;-56.79
93.6;1;17;Thicker vertical strips [11110000];5500000000.0;-55.48
93.6;1;19;Thick horizontal strips [1100];5500000000.0;-59.56
93.6;1;20;Thick horizontal strips [0011];5500000000.0;-56.75
95.4;1;1;All elements turn off;5500000000.0;-56.19
95.4;1;2;All elements turn on;5500000000.0;-60.75
95.4;1;8;Lower half on;5500000000.0;-62.69
95.4;1;17;Thicker vertical strips [11110000];5500000000.0;-57.03
95.4;1;19;Thick horizontal strips [1100];5500000000.0;-61.56
95.4;1;20;Thick horizontal strips [0011];5500000000.0;-61.20
97.2;1;1;All elements turn off;5500000000.0;-58.66
97.2;1;2;All elements turn on;5500000000.0;-79.17
97.2;1;8;Lower half on;5500000000.0;-69.28
97.2;1;17;Thicker vertical strips [11110000];5500000000.0;-66.83
97.2;1;19;Thick horizontal strips [1100];5500000000.0;-65.02
97.2;1;20;Thick horizontal strips [0011];5500000000.0;-67.30
99.0;1;1;All elements turn off;5500000000.0;-59.46
99.0;1;2;All elements turn on;5500000000.0;-69.18
99.0;1;8;Lower half on;5500000000.0;-75.70
99.0;1;17;Thicker vertical strips [11110000];5500000000.0;-62.55
99.0;1;19;Thick horizontal strips [1100];5500000000.0;-68.03
99.0;1;20;Thick horizontal strips [0011];5500000000.0;-71.72
100.8;1;1;All elements turn off;5500000000.0;-61.16
100.8;1;2;All elements turn on;5500000000.0;-79.45
100.8;1;8;Lower half on;5500000000.0;-70.14
100.8;1;17;Thicker vertical strips [11110000];5500000000.0;-55.88
100.8;1;19;Thick horizontal strips [1100];5500000000.0;-66.06
100.8;1;20;Thick horizontal strips [0011];5500000000.0;-68.16
102.6;1;1;All elements turn off;5500000000.0;-64.88
102.6;1;2;All elements turn on;5500000000.0;-66.95
102.6;1;8;Lower half on;5500000000.0;-66.62
102.6;1;17;Thicker vertical strips [11110000];5500000000.0;-55.34
102.6;1;19;Thick horizontal strips [1100];5500000000.0;-65.59
102.6;1;20;Thick horizontal strips [0011];5500000000.0;-66.95
104.4;1;1;All elements turn off;5500000000.0;-65.76
104.4;1;2;All elements turn on;5500000000.0;-65.07
104.4;1;8;Lower half on;5500000000.0;-67.43
104.4;1;17;Thicker vertical strips [11110000];5500000000.0;-57.21
104.4;1;19;Thick horizontal strips [1100];5500000000.0;-67.53
104.4;1;20;Thick horizontal strips [0011];5500000000.0;-68.92
106.2;1;1;All elements turn off;5500000000.0;-64.61
106.2;1;2;All elements turn on;5500000000.0;-69.26
106.2;1;8;Lower half on;5500000000.0;-69.45
106.2;1;17;Thicker vertical strips [11110000];5500000000.0;-60.80
106.2;1;19;Thick horizontal strips [1100];5500000000.0;-68.50
106.2;1;20;Thick horizontal strips [0011];5500000000.0;-70.48
108.0;1;1;All elements turn off;5500000000.0;-71.56
108.0;1;2;All elements turn on;5500000000.0;-69.87
108.0;1;8;Lower half on;5500000000.0;-71.79
108.0;1;17;Thicker vertical strips [11110000];5500000000.0;-64.90
108.0;1;19;Thick horizontal strips [1100];5500000000.0;-71.62
108.0;1;20;Thick horizontal strips [0011];5500000000.0;-72.68
109.8;1;1;All elements turn off;5500000000.0;-77.94
109.8;1;2;All elements turn on;5500000000.0;-68.95
109.8;1;8;Lower half on;5500000000.0;-78.04
109.8;1;17;Thicker vertical strips [11110000];5500000000.0;-69.55
109.8;1;19;Thick horizontal strips [1100];5500000000.0;-77.20
109.8;1;20;Thick horizontal strips [0011];5500000000.0;-79.22
111.6;1;1;All elements turn off;5500000000.0;-74.24
111.6;1;2;All elements turn on;5500000000.0;-70.18
111.6;1;8;Lower half on;5500000000.0;-88.31
111.6;1;17;Thicker vertical strips [11110000];5500000000.0;-70.11
111.6;1;19;Thick horizontal strips [1100];5500000000.0;-82.76
111.6;1;20;Thick horizontal strips [0011];5500000000.0;-84.43
113.4;1;1;All elements turn off;5500000000.0;-77.63
113.4;1;2;All elements turn on;5500000000.0;-74.64
113.4;1;8;Lower half on;5500000000.0;-77.40
113.4;1;17;Thicker vertical strips [11110000];5500000000.0;-67.98
113.4;1;19;Thick horizontal strips [1100];5500000000.0;-77.79
113.4;1;20;Thick horizontal strips [0011];5500000000.0;-78.75
115.2;1;1;All elements turn off;5500000000.0;-80.79
115.2;1;2;All elements turn on;5500000000.0;-70.64
115.2;1;8;Lower half on;5500000000.0;-76.71
115.2;1;17;Thicker vertical strips [11110000];5500000000.0;-69.50
115.2;1;19;Thick horizontal strips [1100];5500000000.0;-76.69
115.2;1;20;Thick horizontal strips [0011];5500000000.0;-76.92
117.0;1;1;All elements turn off;5500000000.0;-77.38
117.0;1;2;All elements turn on;5500000000.0;-69.81
117.0;1;8;Lower half on;5500000000.0;-79.10
117.0;1;17;Thicker vertical strips [11110000];5500000000.0;-71.06
117.0;1;19;Thick horizontal strips [1100];5500000000.0;-77.36
117.0;1;20;Thick horizontal strips [0011];5500000000.0;-78.02
118.8;1;1;All elements turn off;5500000000.0;-79.36
118.8;1;2;All elements turn on;5500000000.0;-69.08
118.8;1;8;Lower half on;5500000000.0;-74.17
118.8;1;17;Thicker vertical strips [11110000];5500000000.0;-72.61
118.8;1;19;Thick horizontal strips [1100];5500000000.0;-72.64
118.8;1;20;Thick horizontal strips [0011];5500000000.0;-73.57
120.6;1;1;All elements turn off;5500000000.0;-71.02
120.6;1;2;All elements turn on;5500000000.0;-70.19
120.6;1;8;Lower half on;5500000000.0;-71.78
120.6;1;17;Thicker vertical strips [11110000];5500000000.0;-78.41
120.6;1;19;Thick horizontal strips [1100];5500000000.0;-70.35
120.6;1;20;Thick horizontal strips [0011];5500000000.0;-70.97
122.4;1;1;All elements turn off;5500000000.0;-72.96
122.4;1;2;All elements turn on;5500000000.0;-74.27
122.4;1;8;Lower half on;5500000000.0;-77.84
122.4;1;17;Thicker vertical strips [11110000];5500000000.0;-70.56
122.4;1;19;Thick horizontal strips [1100];5500000000.0;-74.92
122.4;1;20;Thick horizontal strips [0011];5500000000.0;-75.69
124.2;1;1;All elements turn off;5500000000.0;-75.88
124.2;1;2;All elements turn on;5500000000.0;-76.41
124.2;1;8;Lower half on;5500000000.0;-89.77
124.2;1;17;Thicker vertical strips [11110000];5500000000.0;-67.03
124.2;1;19;Thick horizontal strips [1100];5500000000.0;-80.41
124.2;1;20;Thick horizontal strips [0011];5500000000.0;-84.04
126.0;1;1;All elements turn off;5500000000.0;-76.27
126.0;1;2;All elements turn on;5500000000.0;-71.71
126.0;1;8;Lower half on;5500000000.0;-73.74
126.0;1;17;Thicker vertical strips [11110000];5500000000.0;-65.18
126.0;1;19;Thick horizontal strips [1100];5500000000.0;-73.25
126.0;1;20;Thick horizontal strips [0011];5500000000.0;-73.98
127.8;1;1;All elements turn off;5500000000.0;-72.87
127.8;1;2;All elements turn on;5500000000.0;-69.78
127.8;1;8;Lower half on;5500000000.0;-71.62
127.8;1;17;Thicker vertical strips [11110000];5500000000.0;-69.68
127.8;1;19;Thick horizontal strips [1100];5500000000.0;-70.97
127.8;1;20;Thick horizontal strips [0011];5500000000.0;-71.31
129.6;1;1;All elements turn off;5500000000.0;-80.80
129.6;1;2;All elements turn on;5500000000.0;-73.85
129.6;1;8;Lower half on;5500000000.0;-80.93
129.6;1;17;Thicker vertical strips [11110000];5500000000.0;-75.09
129.6;1;19;Thick horizontal strips [1100];5500000000.0;-80.27
129.6;1;20;Thick horizontal strips [0011];5500000000.0;-81.67
131.4;1;1;All elements turn off;5500000000.0;-71.85
131.4;1;2;All elements turn on;5500000000.0;-82.43
131.4;1;8;Lower half on;5500000000.0;-74.55
131.4;1;17;Thicker vertical strips [11110000];5500000000.0;-70.55
131.4;1;19;Thick horizontal strips [1100];5500000000.0;-75.03
131.4;1;20;Thick horizontal strips [0011];5500000000.0;-74.97
133.2;1;1;All elements turn off;5500000000.0;-71.67
133.2;1;2;All elements turn on;5500000000.0;-75.13
133.2;1;8;Lower half on;5500000000.0;-73.17
133.2;1;17;Thicker vertical strips [11110000];5500000000.0;-70.04
133.2;1;19;Thick horizontal strips [1100];5500000000.0;-73.52
133.2;1;20;Thick horizontal strips [0011];5500000000.0;-72.57
135.0;1;1;All elements turn off;5500000000.0;-70.48
135.0;1;2;All elements turn on;5500000000.0;-75.36
135.0;1;8;Lower half on;5500000000.0;-73.18
135.0;1;17;Thicker vertical strips [11110000];5500000000.0;-71.80
135.0;1;19;Thick horizontal strips [1100];5500000000.0;-73.47
135.0;1;20;Thick horizontal strips [0011];5500000000.0;-72.76
